RegionID,SizeRank,RegionName,StateName,1/31/2009,2/28/2009,3/31/2009,4/30/2009,5/31/2009,6/30/2009,7/31/2009,8/31/2009,9/30/2009,10/31/2009,11/30/2009,12/31/2009,1/31/2010,2/28/2010,3/31/2010,4/30/2010,5/31/2010,6/30/2010,7/31/2010,8/31/2010,9/30/2010,10/31/2010,11/30/2010,12/31/2010,1/31/2011,2/28/2011,3/31/2011,4/30/2011,5/31/2011,6/30/2011,7/31/2011,8/31/2011,9/30/2011,10/31/2011,11/30/2011,12/31/2011,1/31/2012,2/29/2012,3/31/2012,4/30/2012,5/31/2012,6/30/2012,7/31/2012,8/31/2012,9/30/2012,10/31/2012,11/30/2012,12/31/2012,1/31/2013,2/28/2013,3/31/2013,4/30/2013,5/31/2013,6/30/2013,7/31/2013,8/31/2013,9/30/2013,10/31/2013,11/30/2013,12/31/2013,1/31/2014,2/28/2014,3/31/2014,4/30/2014,5/31/2014,6/30/2014,7/31/2014,8/31/2014,9/30/2014,10/31/2014,11/30/2014,12/31/2014,1/31/2015,2/28/2015,3/31/2015,4/30/2015,5/31/2015,6/30/2015,7/31/2015,8/31/2015,9/30/2015,10/31/2015,11/30/2015,12/31/2015,1/31/2016,2/29/2016,3/31/2016,4/30/2016,5/31/2016,6/30/2016,7/31/2016,8/31/2016,9/30/2016,10/31/2016,11/30/2016,12/31/2016,1/31/2017,2/28/2017,3/31/2017,4/30/2017,5/31/2017,6/30/2017,7/31/2017,8/31/2017,9/30/2017,10/31/2017,11/30/2017,12/31/2017,1/31/2018,2/28/2018,3/31/2018,4/30/2018,5/31/2018,6/30/2018,7/31/2018,8/31/2018,9/30/2018,10/31/2018,11/30/2018,12/31/2018,1/31/2019,2/28/2019,3/31/2019,4/30/2019,5/31/2019,6/30/2019,7/31/2019,8/31/2019,9/30/2019,10/31/2019,11/30/2019,12/31/2019,1/31/2020,2/29/2020,3/31/2020,4/30/2020,5/31/2020,6/30/2020,7/31/2020,8/31/2020,9/30/2020,10/31/2020,11/30/2020,12/31/2020,1/31/2021,2/28/2021,3/31/2021,4/30/2021,5/31/2021,6/30/2021,7/31/2021,8/31/2021,9/30/2021,10/31/2021,11/30/2021,12/31/2021,1/31/2022,2/28/2022,3/31/2022,4/30/2022,5/31/2022,6/30/2022,7/31/2022,8/31/2022,9/30/2022,10/31/2022,11/30/2022,12/31/2022,1/31/2023,2/28/2023,3/31/2023,4/30/2023,5/31/2023,6/30/2023,7/31/2023,8/31/2023,9/30/2023,10/31/2023,11/30/2023
394463,3,"Chicago, IL",IL,218025.56381408754,215110.3901980835,212265.52762258783,210649.82037718664,208681.14385809287,207202.4142057996,205645.07222821936,204236.2089975469,202216.0837747281,200265.93338698297,198323.36338495254,197354.81139554674,196412.3069689617,196061.04526566097,195078.88188389046,195231.27321102284,194774.51900022224,195137.17539524822,193595.01938816602,192265.51800476888,190133.91676211075,188438.8576936347,186069.65019158743,183773.53646370253,181682.47759851045,180033.03517163722,178901.14180836894,177605.9707244857,176759.70468239396,175572.53786939883,174917.08149640405,173867.85388511556,172847.97553612324,171013.73305600474,169567.9055044502,167705.7844220477,166495.67010325543,165218.75654280538,164456.80235175832,163762.54283269728,163184.41938087868,163034.9592106224,163161.60072348814,163245.42206049766,163252.4258692585,163063.0729010318,162740.82022171863,162595.29423047826,162973.43422150155,164055.94393354445,165264.1819179509,166823.06649486945,168171.9115265791,169867.88859902616,171287.1758191082,172945.92024522056,174492.6589684448,176358.84853697743,178132.11181917597,179866.16377178344,181246.60313291792,182636.27283413554,183929.9934289622,185115.7737389706,186293.14058878564,187268.71260059543,188257.61769815887,188997.46127581992,189612.45142959998,190107.9784471614,190631.10003689784,191166.01007253453,191644.29922417892,191952.15013865856,192483.54193814038,193004.28189895154,193868.27344421795,194567.5027107212,195353.5271921855,196020.10464601315,196808.19926769155,197888.1585078414,199022.31134335356,200189.82960818047,201336.3592226014,202511.81910411836,203294.96766334106,204029.73320070564,204668.54071610715,205439.0383711919,205857.65888314004,206232.21851050283,206657.03640503844,207436.09666995914,208349.98149788682,209558.99752749267,210809.28252528212,212171.57674977437,213698.04405372366,214984.35540370733,216010.5938379334,216375.97328266935,216597.07931671952,216780.40338778062,217451.7985,218394.0216859243,219561.9450778076,220799.05392548666,222182.23552434822,223509.45410999443,225042.62354595042,226240.90666272052,227178.6614290611,227282.61268384347,227322.81603999538,227241.2317850789,227338.1256018637,227477.19971747082,227779.37850346148,228356.54691952842,229226.56310530103,230408.4734918742,231524.2732175207,232417.5051858063,232823.3274072366,233027.27663597977,232849.5316905476,232637.4443313152,232192.29164613454,232083.65751620164,232277.91331355445,232896.6465,234003.04993234016,235321.02058617387,236703.8121167689,237567.69046721177,237659.5657209008,237206.5018615996,236738.7875047638,237059.93459920483,238605.36903139786,241008.19242941515,243984.85920583725,246945.0136154211,249886.3988514475,253082.29773026324,256403.15732735395,259590.98377125393,262514.85083049315,265332.0474,267684.15543615195,269061.5031153185,269320.0022881362,269462.3860838585,270121.0052881741,271568.6628291099,274141.0142943817,277888.06570267765,282560.4193572502,287080.74615344236,290232.8864175786,292362.5319545709,292879.4149734456,292273.9524887703,290625.84901628125,289300.4345587093,288542.52970893175,288129.86282573425,287532.1548669942,287381.36505320325,288015.0052588748,289677.7815369762,291831.4743,294348.60841958487,296846.4651321008,299258.2358897757,301055.8028752483,302394.1349913461,303291.0270348667
394972,136,"Peoria, IL",IL,111757.18195865414,111613.4388496703,111593.28918426445,111740.30009422808,111804.37703359651,111821.67179807137,111591.90360466616,111256.09612237103,110883.27283371215,110468.85345545628,110206.05030704074,109899.5153241176,109752.30266564824,109594.07069498324,109793.60619147184,110225.93083639695,110526.20130097719,110475.0245264382,110204.58808556227,110013.08587767258,109823.20224476577,109360.38046658515,108780.24247766269,108181.83215682684,107711.37127313526,107374.74507464202,107231.23777064976,107100.05750399204,107003.65451534886,106814.26446005724,106536.2300398771,106193.43175047392,105880.64490316242,105708.61314742245,105456.89386188582,105105.44744482254,104664.59335623619,104538.20852084382,104744.21790761116,105029.97557845137,105302.03286835924,105547.82411782326,105977.54920691076,106237.98149437852,106490.80408572739,106677.28971080815,106912.25145105571,106775.77147861167,106307.5381,105903.43283537954,106027.85521053261,106405.54303102366,106798.77061407785,107061.2515516159,107331.08366140844,107743.29026469185,107998.24188934705,108382.53240437452,108538.03219230026,108661.84467651322,108740.30866124795,108853.87070857365,108873.12809374125,108838.88802407372,108797.8956710545,108958.90312488981,109366.1756510317,109746.84903473312,109944.87977105573,109912.8556581463,109892.68118427985,109892.90790609106,109744.35446479013,109374.9312500484,109120.32289348597,108929.94361071556,109113.17074473703,109321.6517376983,109710.6923965011,110082.44547765287,110407.00877391174,110796.47565091879,110989.04364664962,111111.12911449552,111269.71646430681,111475.64660991241,111514.86213044294,111402.3005623705,111321.77621596838,111380.34485692986,111154.23587418858,110763.65636974783,110267.56353348975,109942.60262343967,109713.88595331821,109616.79877190827,109604.3562411295,109446.82679939491,109271.22071416139,109116.18350241298,109171.95737409148,109151.74607054975,109102.41264991183,108900.8940856165,108825.18258621049,108659.42971017015,108734.17496982182,108768.32074905105,109060.82270409614,109247.27158059203,109498.7379471725,109475.3639,109321.68544810852,109039.31648507902,109031.19785859954,108883.6811033137,108857.44087324989,108393.45590551903,107956.88706431225,107620.92019489019,107529.4833648496,107784.71882412181,107982.63466020975,108084.29981947328,108034.35504013242,107944.92258715273,107883.02820805518,107750.95460094263,107430.66444385838,107382.24536859548,107609.15498256206,108155.84151033386,108643.98311163149,109169.62865544563,109538.93413400563,109679.20169184095,109449.1163504458,109236.70613758122,109376.97730327882,109984.98877590014,111064.41845049635,112213.2024250184,113510.83732938227,114539.22252786164,115424.59998412147,116240.74568728311,116983.32714376501,117689.91297616508,118504.77653708223,119653.29838107286,120789.22485851518,121672.08591269433,122341.79494273965,123144.6506766277,123924.40403422981,124530.2125420875,125325.96745223292,126350.91676246545,127933.97032253204,129568.2863643688,131218.53282530032,132776.47637845224,133962.36381966475,134527.76006705067,134254.66106049842,134058.67502206645,133810.6626113444,133510.37095285516,132617.49891534421,131864.97048698444,131691.8704410981,132372.04506665425,133645.0394035445,135097.53520682134,136386.19299074498,137353.01879340332,138153.64761135998,138894.30258720717,139591.2496383137
395033,153,"Rockford, IL",IL,108583.82586396823,108048.36414898654,107492.77163910815,106683.47732632146,106070.70618691394,105545.40134944819,105071.75705296999,104469.43128756988,103627.91891669593,102787.52670769229,101957.2651607149,101033.36989651842,100091.14738122257,99121.60273008212,98328.43893,97777.15886186158,97468.47310815258,97159.25486864224,96633.28071740641,96045.21527967796,95468.88865803897,94851.62210397764,94229.03505877937,93808.10412,93611.55601795955,93744.87337,93725.81925369236,93618.79452652833,92946.74298505874,92273.04233,91677.57163874815,91359.78900586047,90878.92526374897,90348.49783210595,89784.7258,89384.00073,88958.61983599252,88661.94093854276,88373.66382118857,88132.78316,87903.50803381774,87923.17946312002,88041.26449,87926.5989,87791.19613920571,87668.96629241043,87508.54138563616,86910.71055,86113.55186311061,85789.38173982139,86028.93920309967,86870.92661044248,87787.76014743348,88619.22987013163,89007.44109939621,89297.91193031303,89426.29528579714,89426.32765761385,88822.06493683788,87976.27752929095,86858.96936,85886.50457,85069.05415850924,84836.19446489074,85255.75985,86023.41071400097,87127.13122,88188.23364,89239.23170643851,89756.57022274476,90003.14429869513,89760.38382275624,89255.84657913192,88521.77941,88054.43414116588,88047.3753,88562.17349867993,89481.25025113125,90613.94474468408,91606.79107141653,92327.84478483535,92873.34108898051,93134.82800647232,93467.79782941437,94119.52088730088,95121.72650376511,95891.22694957945,96421.14285239443,96839.32724134455,97481.79891598485,98122.38538639485,98837.28725819342,99682.74774404995,100546.24061392441,101488.66092622756,102255.17901095933,103114.21173004179,103919.69320960632,104794.13894403288,105429.06153434546,105824.9948365609,106033.31426177976,106087.18947169726,106198.02195866348,106385.16318048189,106934.16668917522,107947.26780022988,109284.96399643445,110858.16364820633,112054.53806383675,113154.49413166697,113816.26678757019,114308.69596434209,114351.07782599481,114485.50117800476,114476.13243859755,114661.9882975507,114691.01951790212,115005.9005481173,115468.65459633502,116549.43388901262,118069.77778466816,119662.84575594946,120577.88763368169,120853.67694466091,120945.59438928847,120919.8241083166,120932.66504650947,120924.08665891434,121147.64409432095,121610.01001237649,122206.6579744973,123208.53039259852,124239.03531331693,125147.44625008634,125416.96136579597,125060.04954046696,124365.68269054561,123978.65591491964,124279.13763815223,125382.76097589679,127017.75213427875,129142.17622247145,131377.4974454901,133566.6735596687,135675.61415222078,137673.67940841767,139325.0515,140843.05435606404,142583.04964639244,144157.84058293127,145253.74467856917,145676.12688870405,146138.33442015745,146889.79096860014,147960.4125,150077.2708742797,153009.0811604874,156297.71031183968,159108.90268506904,160954.78403698897,162306.5848,162682.58239115324,162212.1056727973,161212.61452321726,160639.52313021317,160718.34362948194,161213.23388134092,161484.43831285406,162124.63767116965,162991.4127963838,164550.90945275835,166291.5901019934,168359.60320798575,170465.64769891155,172501.90264455715,174171.7766100079,175683.51104385956,177070.16131422817
394454,209,"Champaign, IL",IL,138492.19750536882,138198.91466106244,137932.48965287654,137496.82042702832,137155.1855397509,136935.74259557587,136987.82565534106,137103.02575409788,137226.9765020836,137174.49065841766,137142.4845337912,136991.74198601293,136952.71220326118,136916.5760967621,137064.1002,137241.8490384944,137415.13830484494,137616.3228581619,137868.4700370352,137957.1176162688,138062.8998,138019.1594835799,138004.1958664928,137689.8914974391,137294.5869943679,136982.45141690577,136803.65837058212,136626.93358093107,136233.50237171212,135761.25905874142,135233.97844071026,134846.14763795226,134230.00871310694,133866.14771336806,133588.00890602075,133619.70306541515,133472.53336713233,133390.7633289999,133512.09564842284,133772.6769385638,133980.60387803253,134218.1533,134346.12068750733,134444.1912083143,134374.04966603537,134384.38851442342,134179.6253491662,133806.01606473586,133053.80958166043,132507.8177700484,132501.19981637984,132994.45290818746,133582.62999643563,134089.0301913024,134284.22244046326,134638.4624142127,134891.05193972064,135552.21301403982,135955.2955,136299.1541987591,136213.2238352111,136159.09029375127,136154.64221596872,136465.00202147695,136916.53217921706,137309.8263730158,137784.0082678704,138315.4786341606,138446.47636171288,138146.15653354928,137575.62985610313,137286.0894169141,137093.83019570805,137020.29546150865,137092.4394615252,137539.74755637694,138130.3053675755,138883.94263264028,139585.18349996096,140324.75884569998,140845.64965225532,141185.00906741174,141063.33376910028,141072.2607017697,141447.74406041365,142033.7555213288,142264.94375317896,142418.3207984638,142776.21223021892,143444.42848885493,143706.7755167889,143855.57801248584,143758.7673318416,143978.09817329628,144181.58422774923,144698.52628103437,145297.4029,145901.82109894374,146438.62765157796,146835.20361555685,147002.89807956954,146870.8372062021,146699.77261307265,146655.4921388393,146832.26054719198,147028.27827213306,147544.36725385275,148055.06051407714,148488.5528909361,148632.8602929823,148656.03370692205,148645.19392826295,148736.3039327895,148797.20758463684,149249.95232751462,149499.5513890813,149849.7064301537,149568.5150886172,149373.47694599823,149240.96954348046,150053.21935451112,151576.1755944584,153202.62649087797,154189.4420506464,154660.81435074442,154936.83238379197,154828.03925771415,154343.97584256946,153585.85787614074,153106.04155798108,153143.48382213525,153596.8663180339,153856.13954226498,153766.90372593238,153563.12047186008,153800.2345989212,154029.44009601846,154077.03354396662,153914.0250180594,154221.77992127676,155329.1866297682,156723.64519469775,158100.23794280458,159100.4388879187,159991.6716164692,160975.10735553058,162051.60708997867,163192.2270534468,164632.6513877903,166512.89990144785,168524.54692847037,170137.67823187562,171151.5875933535,171977.13826172714,172882.7790321071,174211.59740867454,176006.2297336314,178004.14782104385,179946.3230776023,182034.4658817366,183718.52159188027,185340.26132227213,185828.61261592395,185683.94028820063,184774.79737418055,184522.20133441946,184448.19518891504,184757.97867172596,184688.4618410729,184424.1086451289,184487.4875559616,185150.73410850484,186689.67962237724,188421.57629848644,189888.0871742332,191119.7013379161,191840.2882877549,192763.75619902773,193614.15478216318
395114,220,"Springfield, IL",IL,116871.50680122575,116704.30548904509,116516.18589539116,116280.84239388198,116213.84206502669,116203.93182627385,116274.83524151576,116351.52478423323,116444.00872250857,116494.9142490041,116661.53890469325,116870.29231780644,117150.19282181047,117334.54354896634,117650.2506239956,118056.34508641444,118574.53090966462,118972.21399350504,119293.39445810505,119478.99778286811,119601.84904811003,119504.49661224685,119344.52554958088,119033.35571587582,118745.29637481888,118520.79029825318,118336.21488102706,118235.94350766449,118429.68880220216,118880.6847243128,119527.9057682759,119885.34004845541,120078.40680786838,119943.97281219253,119847.89920502207,119873.5615737766,120105.56233684633,120527.43231076008,120966.37574653176,121287.90093149825,121650.7304,122085.66181144737,122679.99703904237,123348.25935370137,124097.36177504544,124811.11202018912,125114.57732470392,125148.0476685636,125008.26565381004,124975.57351534542,125040.96130885585,125047.70868935097,124899.66085507079,124901.26289056269,125111.37733613075,125715.7535646291,126035.23355372892,126262.74733387929,126113.60231591371,125927.90667790578,125726.35554060135,125870.4004719471,126059.88518110011,126358.58008999108,126297.01064427847,126625.61654036747,127435.83813402631,128679.60531931744,129558.55856357241,129874.37124169884,129677.23620883799,129363.0673597511,128671.72030708042,128059.1205648816,127817.0408690773,127768.26368737064,127872.89092495838,127874.07061316347,128133.3333,128465.20733245955,128698.93117882265,129157.1120123318,129395.45408306368,129680.48076658633,129784.85543361783,129904.53676446783,129760.80871803057,129765.02777668834,129940.16395029612,130437.45651816497,130461.06141051832,130340.77365216799,129981.82447161626,130071.8056374243,130388.05864128032,130953.96607532189,131422.79740770394,131625.4591234415,131693.7880319426,131827.11306147833,131993.67055916705,131908.85291700173,131627.18126344914,131246.3131740168,131290.26297044507,131295.1950300401,131499.4144931495,131579.15983630935,131787.59851860473,131678.98377151383,131703.48221518903,131757.57614191223,131942.1774264584,131679.69714967802,131680.703,131445.82178498103,131571.93091022116,131243.44067639715,131200.30072413737,131090.30295581504,131473.9706538612,132351.83792349548,133531.79350917708,134583.3499465979,135361.24819518338,135665.81999944986,135648.77163519835,135534.24729042634,135501.23124116985,135848.58065448783,136569.97580938935,137630.24259104722,138388.84164710387,139012.07043809138,139581.63090306023,140146.4725827284,140348.8572472036,140065.22316450163,139977.01492175995,140406.73406425942,141926.97337424877,142972.85787466393,143432.32837022393,142895.69227503822,142602.38374200833,142740.1715199779,142954.87208460039,143153.91992180073,143743.4674,145180.41360627612,146738.1403492224,147457.79459330012,147175.16645873652,147012.0807548349,147330.1187586578,148240.27167947136,149659.60189416085,151239.82987331742,152559.23330549092,153891.9125,154525.55400809753,155090.0714222587,154651.12107110387,154203.65299760518,153678.16203257928,154056.82257026611,154831.1976287391,155997.27214291572,156711.2525504734,156818.07179403037,156972.38778783465,157806.5833606058,159502.46858572846,161183.1519883965,162468.20540067542,163636.97096866768,164314.89935065788,164999.1857012844,165509.17728476596
753869,255,"Bloomington, IL",IL,162778.11382811915,163003.9156902712,163044.03055762872,162947.6593663545,163000.2010690878,163237.84671753013,163521.23466739655,163423.68942441887,163271.98129286725,163025.9979050123,162847.9009267467,162674.64073199042,162536.01090203063,162603.7684172197,162793.81909045848,163172.31568444252,163396.8767469588,163461.48146105485,163261.27303840176,162919.66949379834,162430.17975389722,161960.14515700404,161476.25778704006,161015.14400644487,160548.61943775325,160105.9307262518,159765.2803886103,159124.30127272077,158373.15295553335,157617.1438832681,157356.87002403694,157021.60770276832,156425.40323697895,155432.2661446978,154511.90039079895,153477.8886208027,152678.92199087655,152355.3824653504,153059.68354002817,154201.81726916332,155636.80639941306,156974.09452485098,157984.7597262652,158494.23893217082,158727.65458429445,158818.3514932311,158880.61973766854,158816.70401262058,158972.60685138823,159138.38156164944,159595.26020999832,160266.53458681426,161073.4449652054,161969.3206765996,162658.8206132112,163362.98405952504,163714.03652888458,164146.64756737943,164413.29443571213,164642.4007,164573.2314059236,164417.39425071527,164298.19598973313,164653.04337186136,165237.61836741562,165811.4320750143,166119.33839587745,166216.96701976223,166138.4050121594,165653.4059979166,165185.69819108167,164994.41962328574,164568.62180201706,163695.5784456266,162649.19692516053,162286.57666829485,162784.90889850815,163558.29899380403,164142.25264074534,164658.10939731207,165070.81423730133,165768.32165248817,166303.72526852073,166732.56662267054,167132.76894558687,167360.7980165206,167286.82560281383,167019.4268929645,166753.31572768526,166653.38018294878,166193.2893602031,165795.40699141912,165462.07103693814,165569.8142299361,165677.14199669918,165944.57947496345,165997.89393462185,166080.87759711477,166050.00276435787,166046.43383202946,165798.0728304079,165495.4899383954,165007.80348906235,164680.74871318357,164526.4361678407,164794.25183826583,165315.28814970166,165786.09680822797,166051.97265034608,165939.92785186562,165759.43812012146,165792.12348733185,166131.08098416304,166185.24799495508,166280.15492404407,166129.94458639293,166193.1482524594,165956.25766975494,165692.6247417852,165409.15845898734,164938.09847346492,164854.85982636496,164964.3412208274,165219.3799774263,165048.85319940545,164653.32433855347,164349.71781651687,164368.8432459383,164671.06515763936,165038.92284598458,165279.31980209306,165656.96772246461,166165.62041735087,166778.1934378401,167207.57060631012,167854.1786894663,168840.3829903683,169519.6026537735,169717.26745007245,169687.47723736978,170449.46065750808,171497.50107927914,172881.37548235353,174037.8617391748,175473.2468761562,176826.46948355946,177731.0722294009,178467.61116037273,179669.87520460374,181701.21955068293,183542.2361242814,184551.68708581114,184813.89061291874,185177.7147090407,186118.16815174968,187530.0621757234,189595.82335722764,192101.9997812522,195366.34382873448,198919.27038173712,202368.1970820943,205937.2558337017,208822.3585751194,210659.33149935407,211154.8582641169,211599.98858730064,211894.33552891153,212130.57102363263,211437.00384598062,210596.57816257267,209807.80849585598,210245.37493317956,211556.26975300757,213649.75284665296,215824.94577874697,218115.53950448983,219685.05814991845,220873.57080349047,221514.83194155045
394442,321,"Carbondale, IL",IL,107802.93975543675,107873.86718771503,108065.71133345149,107799.93054444344,107098.47526029218,106199.67332645063,105437.59987720044,104882.22911201185,104677.96589638211,104595.20849086014,104415.43305376242,104059.68819072253,103727.00411903574,102970.33363535612,102247.49193370016,101365.70003320753,100929.71228168113,100504.67946605303,100302.1279192111,100455.87512823528,100766.07578049709,100900.48316162975,100605.33251147863,100077.43765147262,99477.67326443702,98949.33411000711,98294.26251252233,97749.99131742246,97094.5518,96669.73415,96506.69461,96739.19305120631,97092.24701427664,97384.04731476905,97527.12928629974,97628.67778,97653.86539911281,97814.41630368914,97256.45371838722,96265.29777797387,95494.64319481759,95575.73424763558,95658.74164056375,94756.56574980426,93772.10588208587,92789.94248163195,92179.08839918138,90878.46546650545,90449.47942204114,90240.83233479479,90547.51061,90104.41882,89518.53476610729,89484.52581215264,89803.59937179038,90914.64732173037,91947.39888,93548.47986489272,94750.11456895334,95081.23265,95132.77795,95188.18143701635,95050.10061896668,94466.71391057428,94068.83255835621,94261.12192135106,94689.52207635902,94932.43483170956,94937.20216,94832.68603926885,94657.00997406272,95159.26480346138,95882.61931749679,96294.70529678247,96573.75271793165,96985.30798000291,97511.50638201705,98001.07462829103,98463.99607445979,98902.27083062501,99106.89121480878,99063.48967574876,98810.60169615915,98293.11567619258,98031.53663392227,98561.33456634788,99635.32152793293,100583.07974455498,100656.8473417511,100277.40362384931,99201.60495771193,98627.84897587226,98283.39304783983,98721.10386730813,99103.67392757414,99716.31177789514,100337.19518291118,100757.9331474616,100798.31899976172,100785.76684410051,100551.80115370308,100348.54701013998,100117.41830754191,100443.45280350914,101150.6598846988,101750.9791769273,102162.59188239397,102556.68375217436,102853.04840056847,102710.86166276141,102958.03355672983,103129.16734202848,103289.99446605722,102280.99883890117,101745.09680103893,101529.69335287379,101954.55818745942,101603.00648975994,100882.19074114675,100091.86064951058,99493.40558711048,99636.58842463019,100742.40860060352,103028.53674396663,105881.98042375628,108279.63289762686,109944.05757722298,110533.77675080589,110131.9447064867,109253.26103353915,108774.82149540319,108958.30322370537,108435.73541645707,107501.75578709743,106451.84550107647,106599.54367762261,106847.21717142029,107058.8711624219,108015.57295254832,109985.54574904137,112712.97187092753,114364.18602139885,115224.05388034742,115054.91856663814,114963.02421073562,115494.31652507246,116138.81014001269,116620.34912022395,116382.02334185877,116426.98740112474,116092.94956709484,115141.62860329151,114138.74597235462,114737.56298818738,116907.09273364906,119342.71575297473,121341.87313789774,122924.34541854305,124708.66259035638,125747.63260077826,126398.3346767376,126487.93418015148,126532.17029323972,126172.16479891264,125695.0824463208,125211.53987112298,124391.23344377383,123867.00956460474,124022.34330460565,124298.48044184824,124406.55009034851,124393.22643471179,125205.95446664379,126134.3105211025,126464.41250912844,126203.62571430166,125936.29839504762,126006.42315978848,126233.12109763573
394734,370,"Kankakee, IL",IL,130746.58740560789,130422.79409685073,130207.02194458483,129629.23337754246,128980.54115753615,127745.39984257224,126436.0277822438,125019.17431622412,123912.03065464196,122677.69280151138,121754.92634478427,121122.75489917821,120843.59119395372,120528.60282490969,120332.26458142205,120257.6791688158,120314.87310135346,120381.014,120490.3493752019,120497.07865094188,120189.19782080156,119442.01525804329,118621.03947686119,117965.04384285066,117515.04731985692,117126.99891034239,116673.0373645146,116309.20236308273,115998.25576638039,115847.67153047875,115772.56670596096,115656.24020878244,115355.39256924314,114879.67221491043,114427.18844007945,114200.80998437347,114114.5713523634,114324.85307428677,114440.77116865716,114864.2725925263,116219.38276986989,,,,130853.3585301927,132898.5733814605,132691.77105550523,131016.82230261003,129054.9720101235,127134.62503853654,125980.04711648005,124689.42939631786,123600.8172748367,122720.01839275418,122383.0118732957,122578.76401740398,122480.16644783439,122427.42520998168,121818.25378810056,121288.97355516336,120972.14761239833,120915.2677718803,120527.0670598485,120122.55010563675,119985.92783206557,120594.67288726638,121517.61638623603,122301.8907839214,122488.56991252482,122243.92717460041,121946.5662528589,122106.07105810805,121875.48050402709,121408.07359508473,121171.24977489763,121455.56768702599,122289.77005585203,122857.96419644197,123372.64863041003,123368.68288020423,123183.18180150232,123226.30300944574,123272.44003643871,123292.07179386953,123094.61096605296,123282.02328659913,123748.46569844538,124334.0957467699,124753.01234266348,125051.58984292454,124873.74010837359,124368.69126278041,123609.74545663585,123079.60193746506,123227.22391005747,123812.66629524676,124771.30772669625,125822.0906090631,126783.39300534439,127551.12124718916,127929.54507339459,127910.14298931882,127565.2221719745,127028.89198554498,127017.3008246761,127436.26022506971,128289.88092683873,129102.44910998877,129852.29583755684,130528.50259513785,131569.2353175214,132584.4820114655,133207.80616713766,133087.4192862104,133126.28793713645,133099.24660160934,133586.8558391274,133663.42836192917,134071.85325691607,134619.99174527035,135844.99381447202,137396.03458743016,138770.43953207837,139841.9881355168,140534.76357584397,141007.3998626625,141024.8871548254,140916.13057374943,140928.41398642297,141476.76564589515,142249.46597810838,143185.80696123056,143713.50328644394,144240.3577646151,144514.0709490827,145317.95337545648,145812.60782060443,146009.04568501972,146105.8518798752,146772.42855161874,148535.07145366186,150553.27081752734,152743.1579040799,154911.85143982302,157123.30208682074,159455.21090380254,161261.83803928946,162051.41994245385,162770.20882198724,163710.5001503009,164626.1148862042,164841.00688300678,164276.56784550598,164551.16413079595,165332.5839816487,166600.78937499452,168617.09071914977,171337.91973340567,174252.0391886948,176954.54826262803,178671.9877850263,179817.7587986148,179210.5904918008,178483.42772727678,177856.91243507338,178216.8212,178251.3664,178401.61738707894,178969.06361762047,179771.02068815826,180855.4425748428,181605.7350359912,182386.47455729742,182828.87147407667,183865.62732866927,185672.88356714943,187799.7992326532,189332.07440966507,190115.20637624708
394524,378,"Decatur, IL",IL,86732.16910501728,86638.06085544957,86570.76756424508,86287.01110607816,86195.75755274574,86114.26245101193,85908.76434845007,85950.31261195632,86145.57789912885,86426.12651224098,86517.59404859785,,84520.74557,82834.80438921171,82336.45358642761,80815.17855401717,80480.79328765541,80276.52205691411,80043.87049065043,79825.55245840125,79747.62180568968,79668.30776879158,79429.46858,79208.68447703596,78909.45431833396,78652.53892716237,78322.05142867942,78114.99796,78024.80436261205,77852.24810880511,77669.63705,77386.81107917051,77130.41253,76947.07452547638,76751.46987867529,76699.05470245743,76805.88682571182,77440.16367849386,78313.12380492005,79047.35235,79695.92561872928,80077.14792,80158.13690773073,79640.94226296603,79187.43774069875,78928.14054446918,78972.42027972748,78982.02293,78706.86744684732,78443.46048,78055.71757256828,77846.89939520962,77652.83499237556,77575.86827047227,77434.72296860737,77587.72489,77902.92714,78589.32740223539,78888.74716,78808.87127874685,78285.62624458435,77871.01583200338,77420.06852862955,77261.75811551737,77102.90261084186,77174.71619075447,77289.64260981024,77439.51191973503,77492.80483163567,77600.26730773189,77644.51366879808,77816.18768390345,77404.01111536041,76698.13084,76007.95001000974,75697.50205426705,75900.78363222395,76368.10984743592,77146.6439,77669.67592808162,78048.29965536624,78397.54644786786,78654.00871593315,78762.90012778704,78700.04637277835,78797.50888621912,78605.46527203935,78366.02960398994,78083.45172061039,78098.68458444874,77970.45600486376,77755.11701191521,77401.99783539928,77155.75680623337,76962.37782252609,76909.22755024355,76795.09517,76806.89231417752,76689.33099077846,76700.61961,76575.68261903083,76544.70767176342,76498.90823541816,76277.33266837009,76004.03606129622,75786.93247,75725.32047822319,75808.82516447298,75709.71397287992,75395.76928236705,74951.85242083872,74882.65841890611,75280.55717,75711.21852588946,76412.27530870594,76978.25614450658,77585.29060675831,77709.69615947186,77983.83325440963,78311.43203331117,78932.78981,79920.06138982101,81217.29901848995,82359.27499432935,82595.14787739828,82277.13020773421,81777.96073737803,81593.4082,81458.71387894335,81433.25858467404,81477.7657,81805.64578762035,81799.73144271276,81851.07764701513,81740.97644755426,81954.86249875573,81829.00845840212,81717.64964456925,81858.82039231331,82629.99674867038,83858.49858,84903.08721789368,85900.56736970285,86486.29760286241,87252.93287254794,88424.43528695538,89767.86794985086,90678.15849944497,90999.24670633774,91121.54725,91284.7985,91419.39088662174,91723.90194930437,92200.76139303052,92595.13910081396,92911.87136488664,93305.6145,93893.09130347864,94465.84774765965,95190.57029617591,95669.70560495002,96146.83638165717,96211.64540540586,95639.35735,94538.02168049214,93755.46415279892,93528.75267124131,93740.72792582518,93822.85795734501,94249.62707078941,94960.26511617833,96243.44167219907,97546.89089453201,98978.15410633867,99987.31369932841,100923.0581172683,101367.1886523213,101907.88352121098,102493.89151749686
395010,468,"Quincy, IL",IL,113129.61397795107,112882.45261905024,112343.94436262506,111498.27374983206,110648.49115927664,110134.23574969218,109780.8591052759,109460.43950739612,108895.5987224061,108141.26194759808,107436.55228120131,106955.54192453763,106550.61363083859,106131.91423209924,105591.10678393392,105176.93122806307,104890.14380240685,104924.02774882375,105096.02075171114,105286.84400701681,105473.07228612485,105429.94934124204,105469.99343450744,105415.77579859873,105314.40914942628,105028.85414953151,104470.22215427375,104134.89936031673,103857.43921848487,103952.48232380675,104178.83408470394,104493.62522115331,104835.84422035345,105055.74985129024,105117.98008869386,105073.03403299082,104894.08326644493,104808.47899361355,104804.16051618166,105024.97303178634,105401.79626532509,105750.97818610886,105998.29222773986,106493.03968316627,107286.00191071793,107949.80108654295,108190.31604090279,108528.76652838483,109010.69721337456,109567.64547438342,109789.61492818261,109949.38594101468,109806.51451854385,109804.28099158424,109799.92381922765,110562.96540397794,111322.82708194853,112230.00328005641,112689.03051229015,113209.73288264505,113736.56222635176,114244.73104192001,114371.00135982945,114510.10249686515,114480.68324018229,114537.5918184857,114804.71973310054,115459.6381998823,116074.12038528714,116410.95551463559,116630.35896969041,117329.71944197589,117617.82324689551,117551.90588481766,117288.86642990215,117175.40555353125,117244.7487247443,117076.4142340739,117046.17558848055,117213.23358228158,117451.56596732086,118012.79093772423,118529.20367054926,118918.17681004737,119043.77101290377,118942.55576527283,118841.17349872319,118835.48387727678,119715.51389710694,121284.21214161585,123542.23623331322,125397.4770846371,126582.07509252433,127865.68388558901,128544.78403444508,128641.31515120046,128277.94294416338,128417.91063921578,128861.85176082708,129077.52510231589,129237.87727328543,129909.33287213794,129762.2162556892,128825.84409896197,128138.61192150578,127625.37728404504,127642.97052660119,127447.95710282381,127613.94956604391,127585.90102851752,127584.38554429756,127674.49937223771,127554.2646959723,126727.84560995952,126267.64572777867,125956.89300422346,126258.25463984297,126090.67918475338,126172.02558684011,126328.51679802511,127051.52346399303,128270.57792223495,129742.38614359072,130992.24751664209,131801.5945335308,132242.06454704973,132315.07633100383,132516.36857629634,132482.3913736342,132684.8193419436,132973.72016595255,133556.75705482645,133886.21992652307,134169.2908350852,134489.3222613074,135251.3136716312,135410.4121657769,135281.1853956181,135012.77121967505,135672.89371455446,137375.24012855795,139127.05182066336,140428.82938365874,140752.59782029418,140638.59392625725,140907.95575335794,141315.2957355538,142177.87719227636,143219.5469579966,144530.51173564928,145191.2529465742,145204.64060974235,145066.0187126739,145903.5478070959,147261.24468389762,149189.75947378326,151297.90740970967,153457.77990638462,155364.34809005252,157092.19756278026,158038.47418670202,158679.18917124972,158396.0443350339,157912.6917503596,157025.0235221683,156978.43823253116,158145.28793554136,160113.1063422643,162148.34266909215,162578.41953922136,162439.8693,162525.3960818627,163637.60622428294,164777.08127489468,164804.41777168904,164477.2875148385,163735.83943530868,163543.9117152609,163596.61277186763
394516,472,"Danville, IL",IL,53996.24658302462,53723.27855826265,53446.14139489043,53050.410291502274,52641.45336121403,52292.049080184566,51929.76986600822,51583.55790260474,51218.55313176018,50935.200302180114,50753.20869458975,50552.028992497624,50380.982299947995,50173.22448152743,50040.09867030182,49917.93846361622,49826.32858,49800.577612021305,49774.41269810116,49845.27528852001,49858.83561851597,49827.59724788746,49702.161534946645,49501.176132725086,49428.37884875605,49350.941925167535,49271.332001852104,49106.29580221197,48904.84642659465,48802.79794947354,48658.374145083304,48379.757329724845,47829.61939442802,47190.93743113321,46668.16355432096,46340.70713990828,46161.19723229514,46146.2457,46189.79184,46307.24136573883,47019.20986747998,48231.878280149656,49633.690412854274,50527.39296092047,51210.11016920364,51705.10645743118,51996.11777888946,51993.28334980463,52088.60656,52212.95284771302,52475.24011554654,52662.12951368422,52860.75171553218,53101.605833528265,53332.52938300178,53913.265928643326,54693.11126,55859.351773646886,56737.294,57377.049434986584,57612.575504568405,58211.33485614768,58632.93708485391,59105.75621,59194.16731841889,59420.843876157305,59713.46702283038,60062.31137192948,60196.828295410814,60028.74324884505,59667.27515931267,59319.32537,58856.661006042625,58420.53459479655,58413.09454248872,58748.75719232584,59343.72301932716,59798.54707322168,60302.48468645406,60654.30219642498,60983.38363918564,61307.47855144033,61636.44729761077,61825.642304369954,62143.36636495363,62444.10738867958,62714.424170761056,62860.24567017992,62855.13901423333,62790.46781836768,62425.26537481864,62184.21971927525,62148.65290701071,62206.12406767878,62265.711446037916,62245.82108023672,62237.587326250126,62382.22177865849,62414.51767672366,62425.418015223906,62348.43973499658,62146.36486303577,61868.32973634425,61630.77714036425,61724.70558038671,62030.32248227595,62190.212922592764,62097.901342595134,62108.988208265546,61798.04208313765,61692.38548464023,61392.48784436368,61491.003986178366,61369.839415331684,61523.71805119378,61520.97697861386,61468.862449183194,61318.62694082959,61477.16423299003,61723.42350623782,61997.36357017756,62309.85435847175,62857.76932414336,63300.86394888261,63333.966032102086,63286.77436910538,63201.35381894704,63134.81723313356,62662.558464773116,62188.98212791016,62113.35875463024,62647.11464983729,62938.63124929774,63064.86378784592,62940.33727,63014.18612851042,62796.58668774338,62185.07306962991,61890.097096657926,62341.08985322466,63782.29442385081,65368.58017,66546.80753098665,67236.13936585608,67479.51040307373,67820.80707,68227.50779792917,68381.15004,68807.29938305212,69345.94715008649,70174.17491407321,70669.91276887966,70578.01962621063,70571.66443431632,70820.05937548862,71416.10419204753,72321.77769,72994.20581121068,73582.34269599598,73940.01292094239,74408.73157084279,75225.60777,75519.82934035237,75442.39736156285,74713.52846004773,74378.05517,74145.12867,74620.24691188517,75881.27390937349,77111.52423966739,78280.9164,79105.17231330507,80246.41213107774,81006.14800071351,81437.66796492883,81208.16862462807,80851.30859339812,80398.40538884715,80175.39680474615
394456,549,"Charleston, IL",IL,,,94612.11399339179,94422.99346852639,94264.46374,93903.31661770582,93499.44050920865,92916.63841194205,92282.94049395918,91609.10813608962,91145.23039618628,90699.23618664574,90308.38621308014,89920.46379765139,89631.98390268635,89471.71270490049,89426.62494125708,89507.73864060268,89408.95667,89180.67652766628,88785.17950116842,88411.52413064368,88014.38041845516,87581.27271273865,87202.38217935547,86835.34166545798,86427.96202105934,86092.50881964456,85901.85488115977,85941.64923130487,86051.01563383095,86085.36764171034,86023.97694054524,85875.43893033125,85703.57033148319,85541.63835682959,85397.48918870493,85363.42928524334,85497.32523863296,85676.32742525189,86097.68960347789,86616.16231511383,87406.99788591747,88131.10524411841,88847.26624922239,88989.31860173977,88853.31677,88674.77163,88775.63153736503,88979.82403863384,89131.23703378213,89150.37837513241,88889.09098616964,88705.20928089174,88732.52008820711,89462.26462753561,90082.38117753627,90699.62786720139,90838.71083145023,90648.47964515917,90304.03975020406,89816.42473077704,89389.25101311506,89132.41772933991,88848.38831,89077.95725108175,89818.15339885552,90972.79829671257,91489.39674492068,91102.41062369604,90377.56073631225,90111.19771,89826.97374253963,89195.34728549635,88735.21233,88585.76485315866,88969.71672476998,89190.25941779798,89546.72632824826,90018.09599142308,90415.50169839774,90736.41788655194,90720.85992973676,90512.92994610644,90544.34669,90858.17769043562,91080.75134148069,91098.13172608761,90952.20133926596,91185.17828731566,91154.22202007589,91171.64662661066,90644.70018030056,90245.75958682195,89711.25908340143,89633.61293447395,89572.40325143085,89399.33570863947,89063.83747173892,88912.05760404204,88983.52944650415,88973.76567945986,88696.03578740345,88223.83605137165,87995.05203,87977.36113407079,88216.36936857885,88314.80621773697,88391.17228901233,88080.07074838485,88096.21724627615,88348.24743861443,89153.54085155837,89537.60638,89982.58619087923,89976.98696,89846.52841095689,89280.13876640699,88831.39743374339,88794.85152311852,89357.19178718595,90797.22602127206,92390.37916975592,93589.09976310644,94106.39133362831,94418.06481218875,94903.42571645691,95216.62171791967,95434.71756203711,95851.45596163189,96785.63026330208,97972.87824197214,98899.88895484056,99880.14588989808,100960.80593102724,101737.23491897232,101804.52330632611,101202.65919170457,100947.02176280564,101080.24430900603,102181.95719912874,103068.43364510481,103854.56901834853,104059.00849229218,104276.49827806221,104930.81779817837,105588.14141295334,105891.50457162289,106062.08223401532,106533.96622000098,107192.0459083146,107773.63333889503,107968.2201118339,108367.39218213425,108544.93771351122,108679.26008268127,109189.12870005028,109795.03795300388,110634.16273336254,111050.17523145047,111086.58416133584,111007.44734119797,110820.41722170573,110645.2341626134,110356.57247661822,110442.36426521088,110581.6559788999,110975.13066810161,111335.83672763342,111199.53517262383,111171.23724407582,111777.78226994856,113494.93770504314,115373.47173208348,116672.61474456574,117560.36183919925,117942.11187561798,118004.2677497408,118046.84295592504
395131,560,"Sterling, IL",IL,98101.01765545446,97805.79182,97635.16810739868,97147.75526820263,96674.73524271695,96113.48813,95585.39519866026,94992.70736844007,94378.97301,93867.16246361546,93542.16683008643,93323.63005425384,93068.89700504455,92775.14571896428,92618.81838,92608.55191034956,92718.38796,92855.72206339374,93060.65433433287,93250.32000353717,93299.23575081438,93068.85819,92769.83144020087,92396.64322127453,92027.12943509033,91612.76650755359,91245.08287535078,91058.05277267146,90946.97102,90949.48894,90986.29796800441,91088.60121518165,91096.27688,90989.12184,90791.72392,90577.23670950264,90373.86882885608,90354.97533106839,90485.44598,90454.37308782963,90435.15866799217,90414.69008790159,90707.82841153118,90960.90767767154,91180.25356320817,91294.13640094722,91314.22482459665,91274.08566844182,91213.05784117246,91234.6575,91249.09889384359,90673.10425171202,,,86664.90491510808,86521.08555338287,87193.72546655807,88200.42796311014,88694.30791595903,88670.57017227805,88469.30968825228,88474.79890908084,88341.29551507083,88259.90241573479,87909.27014984495,87777.14982524446,88021.42087,88564.49660628215,89083.82104,89336.35821067724,89601.21981340247,90086.12513506552,90353.53366701664,90381.56889719894,90291.94516,90266.12422,90435.13225852861,90610.63242673835,90906.45857380053,91173.69808965358,91456.26285596179,91857.83393666257,92074.06605414388,92210.80794295519,92307.07240865681,92416.46289789602,92219.01599720395,91931.69800489534,91931.5012,92644.06340903055,93038.83868455664,93065.59806357935,92417.49097246787,91993.31243897583,91678.96037379798,91772.4329,91814.01505277434,91455.36367993012,90639.54028031278,90054.55697877437,89977.12178155081,90182.29510561383,90165.29756915111,89880.40106477235,89849.50575,90084.15563619323,90743.68034,91250.85067234751,91695.69925626431,91457.73847291699,91318.24037604283,91099.91368224373,91051.96664,90183.43947175716,89321.12754165266,88222.81917958763,87545.35107492609,86168.90299,84577.13860300217,82760.40028326915,81874.32425866713,82264.27346431807,83901.44868195457,85766.54249689644,87290.66513,88429.04387785505,89474.05498425273,90671.65338242501,91565.06471977693,92431.56387763277,93325.50577994397,94439.74185835938,95029.83755517239,95524.98860696149,95661.94414907368,95879.34814614542,95722.82962309603,95768.62413831515,96178.42733283759,96890.75087016325,97998.73132887908,99119.72588685366,100569.97149451972,101698.3736956815,102538.61841262266,103175.28297530678,103488.44044695802,103509.99560477119,103592.17204846248,103988.8268019058,104400.42230325674,104338.20799388678,104011.84389917673,103951.73113155166,104321.0429676327,105006.83450002396,106285.81715805463,107654.60047515838,108955.12026911584,109924.77513980992,110625.81066312942,111322.65694275343,111708.97619416518,111465.08166650531,110871.16735762329,110923.3013267817,111668.82843386906,113311.24145160615,114828.07370588898,115609.36360344388,115920.5389214458,116194.3943617457,117140.00499757408,117997.36482054308,118415.91509901319,118632.7247104611,118360.44632268848,118071.50125226441,117806.58272218151
395029,594,"Rochelle, IL",IL,145204.45623000927,144798.75306246395,144408.8077260517,143577.48676125266,142708.48148693208,141779.68713780746,140741.6054523847,139533.80065966953,138258.89129880746,137099.6751713208,136225.93653412195,135483.7956301936,134880.72493495775,134320.5897,133974.21511354003,133728.63624315115,133667.5605799276,133603.52155604653,133640.86176717377,133530.17611559154,133310.79860019276,132924.57534448354,132525.6325499202,132026.3673236155,131439.08290736322,130827.8896748773,130176.0219404756,129610.33738057916,129315.7507978024,129303.52442252035,129353.9980084101,129162.40015472677,128854.8263063794,128453.04814835948,128085.43525858577,127769.21740492016,127571.89594276114,127664.69396250299,127697.32007918599,127441.12026147715,126958.14941349866,126744.14071250854,127066.35952370345,127396.64680593523,127684.51632833217,127552.38883462828,127045.65834628763,126034.9926,124939.80086080336,124310.84505109722,124207.67881933668,123830.13793197348,123221.42561432307,122910.02631827677,123569.79337951174,124956.15745755036,126457.0081722272,127544.21439793357,127988.4162228387,127942.46085171962,127819.8886229894,128009.67268572666,128116.83655205408,128315.31174370584,128317.35727279897,128361.0958769594,128740.38609912914,129346.2433157091,129596.80371095474,128746.31952357788,126868.45678553781,124811.69282347262,122537.94204006928,120118.54280972632,117704.05187090977,116173.90131120729,116017.50806997398,116887.52138934711,118154.2067268712,118663.6609928048,118345.81022845088,117328.36034591925,115565.40805825556,113370.21744105969,111123.98357400006,109437.01333679876,108111.20144596667,107546.1449260034,107832.18255982372,108784.03232810217,109066.49151249744,108762.5749741192,107951.16280167508,107361.75262201356,107170.02351995367,107501.9480530529,108712.46642644734,110417.19575607758,112889.74187617276,115733.67454717204,118409.22239348943,120427.47054505651,122108.97782327664,124007.91874638923,126217.44794716686,128561.44122515483,130824.76057063311,133066.0111837549,134847.79997891816,136028.86487899398,137009.08652871792,137661.47733510737,137847.6976690652,137417.16851796975,136881.0138555135,136694.9665876956,136868.90040767123,137326.4263155234,138373.77099145742,139758.36140481997,141225.44684425337,142639.05052753535,143697.7098,144104.73655491183,143687.48414948178,142550.14039572072,141644.22383122996,141084.25336206294,141363.12738476825,142191.32311476674,143381.1230139729,144570.9351,145501.39293847771,146368.62757224267,146707.36052158408,146720.6143172688,145919.75318617537,145168.10692935262,144915.3506116155,146058.4564424919,148367.5010241829,150996.29892580162,153651.35982686188,155602.7387245635,157353.98931258087,159057.95152700576,160807.4785901613,161951.6427285764,162723.73531976293,163836.37667728984,165364.12360672723,166625.59552045751,167188.2863026538,168422.86976040548,170472.00433428583,173105.3059048791,175747.6111093183,178370.08050082964,180974.5772493574,183176.02398897955,184548.34767707938,185652.80334617163,185519.1867249998,185097.05057436717,184239.01653688875,184403.40528719532,184549.77395677785,184965.88372175812,185491.63737488026,185868.25771522566,186073.50644210874,186261.46172674172,186793.9120630561,187325.7922135136,187163.9744123992,187223.5028905221,187522.29075426652,188504.25094253398,189611.58476112914
394625,600,"Galesburg, IL",IL,76352.56889063875,76305.82236578956,76089.29685252532,75544.94980671602,74779.00309862084,73998.36367798512,73365.95217410436,72793.79102448677,72328.47221914427,71890.18842163523,71635.30031346493,71550.43328825843,71561.58685969653,71600.27740442344,71518.76634,71367.79953019608,71213.94205220659,71075.76459782575,71069.18135444344,71036.68729468847,71020.01920306914,70870.84424782416,70864.82409348349,70988.94629269173,71198.79459773948,71314.10142,71197.63244,70964.08778142503,70625.71692404978,70394.22122144037,70315.21462,70147.08396660261,69994.93634002513,69880.69659045793,69939.28880770838,70101.86634,70207.31781268155,70388.38837912021,70632.05939180532,70966.06444251911,71554.40195193283,72100.90134084389,72707.69408085156,72967.83995,73350.90811,73866.15592467457,74508.98906614615,75138.25710602797,75434.32197365827,75618.30738827353,75844.99389476568,75807.05328148902,75466.08966691587,74908.27762718889,74512.03265,74687.29240822488,75111.81420384842,75786.67309005168,76363.02257627905,76638.66813,76679.49028906999,76689.12927,76593.31139324621,76776.17769493877,76797.87677392055,77134.24204306352,77519.48693323783,77955.89047658523,78085.96821345584,78051.91332766686,77944.00214982807,78040.22319839029,77857.75899235868,77248.63468319201,76738.2648,76713.38714257794,77261.23900375207,77618.48548587212,77720.72251659195,77737.0942,77669.46804541422,77758.29713969071,77740.84877984082,77976.08210845692,78244.24329513744,78696.43927385645,78741.63247922753,78668.38777911857,78372.38166336402,78411.86758563483,78277.76749696552,78218.61521284038,77884.60848096124,77674.42199682655,77678.83837514478,78147.45196647268,78703.65587,78937.40685,78565.74739754597,78141.76768364613,77904.36476515875,77792.70916416719,77869.88779381411,78143.97036,78977.51106292654,79702.59013798875,80181.28510511362,80223.03085233159,80032.98813546302,79569.89101165898,79310.64932639612,79209.90538240132,79471.69077,79544.69702,79920.87315735819,80207.83602235431,80653.62858197105,80535.30311596977,79921.17195620183,79142.63275,79380.91312801903,81051.35112663452,83338.77722,85126.16971617249,86138.43433019567,86765.29673239558,87004.90662541236,87184.23802015655,86825.84378866265,86707.11340118031,86729.82832706657,87094.91929273139,87311.31243598911,87493.88917081112,87708.06355707411,88145.82852035273,88310.24919788832,89150.05172807106,89869.11227,91621.44732590206,93353.33913869323,94510.03802287487,94482.22359814814,93343.53097645042,92414.23198711105,92135.10282090609,92456.97345807099,93172.56562632632,93553.00787553839,93687.19016231298,93930.48956213258,94599.11531924042,95318.25236504969,95363.02849512453,94855.84613,94057.74188,94268.43805155363,94868.17782984825,95150.62029711762,94833.44355,94440.07517689769,94603.13093873969,94429.45545907739,93228.78183,92123.19765685931,91788.23608161241,92196.29661799553,92294.93306004426,91230.35174969323,89882.91667,89163.97480606602,88986.36238510646,88991.17449494307,88723.90444119221,88995.81766142075,90030.33255496256,91213.72693,92559.53752696673,93724.64379234076
394616,657,"Freeport, IL",IL,81269.22392266283,79855.40188600804,78323.71361342845,77566.73423874186,76907.96197062933,75408.86762558988,73517.95619832854,71595.97926345763,70626.84605002077,69896.74549656788,69379.40372330968,68882.56383420066,68564.72577,68199.72994930089,67907.31315241057,67642.05272913368,67482.27980683581,67422.02597299758,67196.80054924074,66838.89061830743,66405.33310083776,66018.13803169753,65704.27239263874,65262.70222888785,64940.09775,64591.74207561981,64214.26750040211,63709.77233933273,63254.45817663742,63091.44756764024,63095.980349944795,63105.70351873592,62967.36635855704,62794.95291094967,62599.52950662462,62461.16650945257,62378.640629518086,62586.84456597393,62644.27137112045,63082.39033712933,63935.45167217943,65156.01557892995,65803.09922,65598.52461015955,65324.79005686413,65122.129115805066,64998.44863047879,64463.44358381996,63804.45946292168,62959.528087647304,62297.35299189305,61508.91209326851,60447.41252061357,59626.23069563635,58987.20246802035,59027.67720161836,59074.31787316979,59182.06359402381,59195.959035258136,59110.338529145745,59234.017020256084,59440.493695234465,59356.03590409745,59628.81105850116,60542.919456202704,62380.781031829996,64431.60340030072,66144.05851674009,67367.17223201123,67895.18657251445,68049.71725852649,68116.86808008788,68106.98799852299,68224.0439,68525.77007667541,69100.67057989821,69791.27786397933,70402.73614036576,70962.86888486276,71190.60122620138,71449.07872202413,71924.47306221716,72169.66572566653,72229.98776632856,72264.45298001524,72508.56881389944,72751.65314961494,72950.10345366925,73429.69157690147,73993.49418837069,74098.09185774182,73980.76127,73559.05109984818,73231.16832088876,73050.54180496772,73090.90913341714,73422.30966957482,73801.82680965161,74065.27542593413,73929.67307094515,73370.99858793816,72882.27048324898,72930.16058264482,73663.75976,74565.37808,75440.83011648025,76271.93886828028,77205.90113714343,77833.62104145436,78147.90581227264,78546.27833924613,79258.16376883202,80084.27517625112,80712.63803815974,81411.20039598826,81984.93417475715,82630.77912,82790.43408203857,82811.24163637582,82659.30456048722,82939.24124557506,83857.56398526223,85308.60806714221,86525.39560485455,87508.57767863227,87967.41857224044,88607.05820741005,88936.03419423859,89015.19458491464,89131.59038761239,89255.93394132704,89524.72113034151,89564.57936,89823.80628671696,90205.43327664759,90525.86117901292,90410.33215385216,89961.45482886618,89649.37591861327,90170.70179230324,91799.09945880716,93717.52259,95543.23652173759,96820.58827273792,97971.48718697626,99484.01236139896,101311.49231016361,102964.40504047764,104302.02082417526,105562.03059523345,106958.9106222267,108270.96732579703,109372.63382138214,110817.70820993092,112537.64340755886,114061.1507925082,115704.93797637301,117335.22026442236,119196.4464,120422.59259710694,120993.82026854715,121437.12085986782,121398.9571,121031.90525308893,120489.78343013387,121109.62886928402,122018.75924218481,122918.5530556611,122827.68202043505,122584.10882476108,122459.5675906638,122862.47615200358,124002.80350203195,125571.29076725642,126929.54678737755,127831.18386232648,128265.89592620538,128833.11582218875,129207.75343306892
394715,719,"Jacksonville, IL",IL,100156.72518148657,99919.34912,99648.21175317823,98938.44546392323,98150.81057,97403.90424405131,96872.33644068574,96386.46738881418,95927.77630494215,95439.30108091205,95087.36697826388,94775.82042281753,94445.24434596644,94064.76771,93729.91063427394,93543.54284150415,93379.89334440266,93189.07640281784,93015.35964460818,92895.44715345923,92745.12336265178,92436.14083,92067.99314173889,91618.59645779325,91147.84588136467,90672.21381073387,90242.74341897485,89963.42392205163,89678.84752119808,89565.90213818215,89670.13221860613,89926.55666978755,90126.05114253884,90191.03967621084,90206.78945,90303.80480316206,90336.69826,90409.24361,90510.00562149276,90600.84032774797,91020.52929149441,91415.53649,91761.43635,91660.20844384331,91595.15531262344,91229.43970758647,90440.04334,89011.64167713681,87674.67144207699,86474.12963758828,86166.39032178682,86194.63794940751,86554.11699,86848.5518,87007.41693651908,87669.48540645406,88391.72449371875,89553.85878,90468.36839449748,91123.80443,91815.66754059687,92582.77801129699,93353.65594796617,93726.00410636472,93985.71514249091,94301.92518,94903.52632683162,95236.66074,95147.96434541902,94967.53969476582,95131.51006189281,95820.87513886351,95873.11450289369,95057.12856518147,94435.43277020578,94317.17104971304,95098.56191346765,95612.75224690359,96221.81102158122,96579.51051,96673.73042367776,96812.01137005149,96982.78374129282,97402.13176937385,98133.33842143738,99004.55324047008,99569.46887305308,100069.0450320631,100469.79911508145,101179.2852655754,101189.20706422236,100812.19637098613,100080.7143837621,99419.19149158684,98975.45419248838,98628.97217535245,98534.83150270749,98456.40296885464,98254.71946141054,97942.02338203392,97620.57225007088,97249.80939920076,96937.10601,96700.7268,96897.27094771557,97247.69290618435,97569.99189374421,97982.27333518199,98376.19674602005,98580.57536569507,98642.57553735096,98422.51432273327,97962.98255,97163.08513516762,96588.46007478586,96245.57175169552,96256.52679793781,95973.5119,95696.13308051736,95172.70590263147,95134.36798333342,95662.19447788312,96489.93193724866,97252.40480148321,97694.78726620834,98107.55868106229,98760.89329972262,99639.02785353515,100446.18065985634,101271.90765327266,101992.96490235145,103000.24163802067,103188.74743265093,103522.89866806862,103514.75322906119,103780.50234318386,103263.31554167242,102433.64148915587,101834.04884673917,102399.60261627198,104111.75226472656,105437.66206448484,105435.80311702425,104320.54589423577,103768.50235588216,104425.18326016738,105389.83561183511,105831.94878308086,105654.25057986988,105564.62448472182,105245.84114985053,104518.97045193422,103285.1299633506,102471.14379093784,102520.74393575564,103193.4839762503,104648.46627260679,105811.11940616231,106644.52051379555,106737.37199339205,106593.39457703593,106610.60759491498,106279.78232517464,105676.45565755224,104721.1815146198,104207.94705346132,104023.8225067649,104331.09264986061,105166.96376931072,105719.06236505097,106260.2270476406,106573.99253331691,107372.03387215559,107975.57875517757,108250.98138465294,108492.0255,108862.56118961396,109704.2667746623,111020.10996829729
394451,728,"Centralia, IL",IL,,,,,,,,,,,,,,,,,,,,,,,,,,,,,,,,,,,,,,,,,,,,,,,,,,,,,,,,,,,,,,,,,,,,,,,,,,,,,,,,,,,,,,73647.19734682594,73387.92183635154,73346.50657601327,73468.94607822201,74120.12355612998,74209.74526383977,73358.93157756055,71942.08011645735,71151.74316346085,71094.73103451874,71214.02261985884,71460.26871216948,71321.75544055049,71350.89533118054,71233.62748707649,71321.30096992354,71457.0844,71706.69734262915,72038.17881937702,72042.87007883466,71834.57118595256,71864.55539871429,72211.49935121856,72548.38812326633,72585.90815776847,72816.97149408745,73304.23071850796,73613.73195944272,73134.72311500042,72346.2249,71550.17402090433,70785.24069056693,69541.30494,68312.52384545606,67324.34447583216,66939.52168865556,66802.05816232585,66763.07114768134,67007.03766,67246.05635190028,67739.82489982598,67721.77838048815,67705.34769462502,67215.49062332524,67055.04561359175,67345.04581785179,68318.43623886349,69879.28472389682,70956.72362708271,71800.29335628665,73021.42241788522,74301.51183855125,75428.88539589768,75524.21641767582,75923.97624381226,77163.75654355064,78198.16799278604,78789.33097791676,78316.09934814036,77699.20903661748,77832.53521537183,78826.41212691701,80298.31892,82071.84654379035,83576.57995518985,84655.77207864857,84632.67722566311,83948.24665373616,83477.69260930202,83349.96687062962,83580.15299,84679.94504279672,86191.56335973693,87614.01380072546,88207.96406166168,88545.63874500564,89146.29040734848,89646.62451441928,89792.70087472403,89477.94673724915,89741.15326205955,89729.81609296601,90003.20266754965,90157.07116047078,90545.08310292407,91103.50782363872,91400.80814219784,91885.80598836251,92063.60558773705,92516.98198588919,93095.39478,93834.38146094728,94280.64967,94365.57637122968
394888,731,"Mount Vernon, IL",IL,,93618.78883,93459.84118,93354.55661913134,92774.51282700615,91893.01196766247,90893.42209575097,90121.74756,89685.30293541239,89179.96598525728,88799.04477035301,88389.60727076924,88321.65463998356,88553.19300119647,88790.22868179227,89183.96558878727,89394.46033,89223.63644850212,88760.01436943728,89083.26542632275,89961.68519526503,90840.36510382302,90836.47948269935,90557.31750365393,90101.7442,89661.36269097829,89377.75641,89088.27438312212,88440.18565754383,87825.14821055373,87401.96083081556,87342.59488046519,87265.71069,87216.06618705038,87157.16365,87142.31506657817,87215.48519067664,87535.88446983216,87596.68452352627,87728.84372291398,87927.60192871769,88620.21190933582,90114.38120721129,92273.98102,95372.58084953258,97529.22254353315,99321.02972973148,100333.86606934258,102167.38063175602,104075.21374983389,106088.89989399625,107233.9094532572,108034.75369552195,109052.31641074053,110701.3689958243,114217.98965821053,118848.21323864984,124059.33675328306,128338.01027669055,131527.27504031593,134191.94075213163,136224.78078347517,137098.03742087318,138302.21538732693,139321.28441426487,140703.98815935882,142028.76340030855,142399.05180841137,142429.0492991044,141575.36110604004,141459.12923334402,141976.72392950518,143515.04024273224,145787.2114685369,148904.0615004187,151275.2659579289,153072.3772062433,153224.4882880821,152710.70490823948,151011.6095054174,150419.48257231378,150298.01326626624,150120.53330727178,148123.82606936377,145608.37390892638,143096.3977891989,140854.64926332704,137873.42547717487,134594.5537,131234.00639296893,127644.47718792141,123280.45856715673,117865.91890094113,112821.73146003351,108262.00203086402,104561.00958213094,101129.56639869387,98484.25473825498,96547.35344939654,94939.04324,93909.06652,93038.20554986819,92120.99616819744,91110.10359224582,90817.41571181983,90796.36888572497,90824.32062762654,90386.21463280845,89951.63371177662,89122.12926927028,88729.59169120739,88266.16453,88110.22685441513,87632.06102182239,87245.59135520914,86393.93418,85242.76547269455,83979.16332,83138.81748087316,82912.61384935695,82733.03186,82831.64920984006,83231.52171182484,84362.07971164548,85546.14282135594,86887.56236933138,88094.03037,89392.71884760777,89657.91248315318,89876.69448853347,90559.67434920224,91950.66895,92327.83651823323,92065.86241874605,91582.16935724311,92511.21595514979,93084.28132879514,93259.82318,93226.06539208682,94230.34121911495,96159.29769,96469.55921745258,95529.41836,93191.14615443508,91660.46935296048,91211.10404084751,91246.69588136951,91187.35421818926,91176.15432009893,92120.81326,93444.57773,94325.10614510982,94383.27909492613,94672.20144688887,95026.10488972456,95278.86571040943,95912.29769763636,96997.11926827359,98228.52915178736,99022.02049608971,99296.96102152781,99758.81477867835,100080.7890335772,100106.54451566287,99967.34918776364,100579.01805408346,101673.52097404287,102479.39588842978,102864.99694150501,102372.94463322741,102045.31042135817,101758.15622725054,102282.81237602251,102642.64371193235,102840.49304798723,102709.9001690353,102661.10690327059,102473.21927950945,102314.91933040372
394992,754,"Pontiac, IL",IL,94065.49722324942,93441.77591040595,92876.12334664799,92691.36142712629,93003.09774,93496.53945754968,93783.78706505695,93765.74761368147,93906.24173883376,94138.36771272018,94322.48763477271,94988.79750685114,95947.42246437624,97097.26984,97676.74835,97951.23766310398,98167.6195,98201.24986464881,98284.70705,98395.62616834266,98541.68227987959,98502.81186353274,98401.13310680071,98114.91677870956,97739.31973622095,97326.93031684092,96936.38615,96665.15226027278,96373.78822,96211.42773592263,96128.05803368914,96144.93692621398,96131.05218348997,96076.27329843782,96030.97760273599,95982.53551,96069.51382973821,96400.79100766487,96627.53551822381,96816.52400850347,96942.90745367174,97173.89012382849,97329.83634002857,97254.74132612885,97444.43285545637,97598.59402,97858.68574160749,97868.15994263714,97398.02041268966,96702.33939254606,95874.38659124142,95130.69397207921,94123.80012529624,93194.62110040821,92761.00795650827,92996.74128044587,93441.41307957527,93985.92296,94121.47928082764,94184.99197,94209.06064507044,94400.63844,94291.66491959732,93881.66862015678,93235.47231996903,92864.51234615584,93022.12259642365,93193.30006081612,92930.98860013096,91988.94334701037,91108.25974169267,90563.58219617559,89977.05513692026,88891.06755998147,87806.46773762438,87121.00201708123,87418.62616252045,87937.27394686938,88778.59637671216,89694.50215330331,90922.35109923326,92084.82134862557,92860.83291471955,93080.38536115656,92940.73668993356,92650.82656681248,92434.69183721633,92414.08507,92440.52767,92834.16424217063,92741.68189185574,92759.39748,92124.43784476258,91774.08792,91352.24397360337,91215.43152804185,91227.29006540192,91254.76398056872,91358.93547585339,91394.40826360974,91260.64305,90816.64163192223,90319.97819693554,89821.08804452866,89736.41868785617,89905.33363635803,90506.24821913081,91117.77244183984,91842.34406104441,92283.29124,93029.96591548501,93658.00472,94593.53884367889,95031.10633660742,95545.24522016011,95649.63342452522,95687.69095046684,95315.94531461709,94974.37237511323,94822.69534668255,95052.33618382514,95810.31325704612,97094.18373901327,98426.35518,99501.16725300376,100187.4801374937,100789.49134376453,101243.77204474389,101836.38347289547,102560.70032401088,103414.54349626719,103749.0829662785,103822.54615120722,104006.7774814582,104385.4213566404,104618.17474184408,104192.78316203119,103496.94406766754,103078.93477376906,103427.5080030937,104585.84620574757,105732.28235268102,106903.35383244668,107694.02274966355,108798.64818401751,110163.56804633269,111609.95054384251,112410.67660083814,112872.70534663553,113578.09677884814,114174.4286617128,114616.34939773612,114704.36606610245,115468.52928144264,116496.16633781935,117581.9175904271,118872.83236082066,120346.97921143053,121903.14606804664,123238.5576456561,124301.34287048057,125401.11151082395,126124.00370950978,126372.54176688682,126346.76427666693,126427.35933986034,126521.4925307642,126652.40218681046,126424.83350898423,126428.19066826702,126292.76841331557,126718.82864964295,127545.03563027266,128799.13814844335,130051.87654238712,131212.5866,132234.65227035756,133399.3447245475,134230.3844606829
394557,771,"Effingham, IL",IL,,129766.75135006022,129648.61348708294,129321.33642676001,128621.3128489924,127480.23239480091,126356.59631907255,125290.28994801117,124501.84745274352,123843.31966925801,123415.29424811067,123033.81876262157,122393.65475344482,121620.74101490993,121099.36541497069,120887.85346349247,120796.56865489634,120470.8782258253,120169.14178619464,119954.50544362846,120024.00779513778,120108.5237734728,120129.33215681482,119891.9398590203,119573.6751,119226.70236412344,118905.64051139665,118631.60152315906,118269.79375212046,117873.25031061622,117556.58660544397,117626.39054731074,117769.74288421415,117969.86857874012,117961.75313509205,118042.08675760576,118132.3757013197,118319.47890974309,118811.38877980229,119358.5605208651,119822.70804185107,119798.68342744176,119828.37804972347,120093.5382450493,120490.4334384313,120748.70233270584,120691.49029397241,120782.5894160348,121064.12162941211,121272.77757165134,121778.26527279448,122278.81770666289,122781.91103481884,123029.09011177752,123040.8104083861,123571.24877713398,124068.57370707746,124705.48493705479,124762.34468863443,124484.46305662628,124085.20577414973,123766.65209754411,123469.9679102128,123559.25940951968,124006.05095417368,124899.14227091688,125831.1618135599,126455.49574422168,126533.04184662474,126128.25251883404,125763.97806664232,125862.67303421604,125680.50106088415,125271.67190850429,125039.74743760114,125590.12614996148,126819.22694998507,128200.25187429278,129418.68403969561,130435.70290926441,131047.22604187997,131811.9871311733,132287.80958022128,132506.9942667567,132371.3322785729,132231.19127009693,131963.5416589329,131614.44404028912,131384.30969166293,131746.6938912417,131978.17695947856,132048.84768144146,131692.85163565076,131735.67763302886,132126.4456546273,132744.3470910105,133508.30818309457,134419.15742006397,135442.13902941017,136125.49106528723,136894.10984467456,137520.15295988103,138392.18584544805,139035.78570043223,139821.05008926708,140354.07869579244,140549.7329002949,140751.4328887168,141061.12515143384,141417.4617002211,142031.2726697778,142505.17156756364,142962.44552024858,143044.21202298056,143361.64391607736,143510.34546246476,143998.6938376564,144068.09169759465,144479.52148557585,144878.6956,146087.68194150037,147782.55309334854,149197.9172928118,150111.0006376809,150298.20861054637,150245.97864795793,150036.05673574063,150001.1875759908,150252.15029397968,150867.52379823613,151698.83407682483,152521.53746811708,152925.80150112824,153376.4979873967,153718.36312645779,154119.20348009386,154220.90470486987,154565.2923560415,155550.49187154995,157189.22627782577,158912.88977864524,160381.03527589992,161587.10411890637,162559.6562825657,163292.5116472467,164083.96315367674,164784.0159187352,165373.5479975073,166000.07138934798,167071.4064028123,168052.69419061858,168617.36319256664,170071.3335101252,172614.69767630342,176319.48792317175,179489.89734624085,182888.55634635757,186468.55433135442,190020.0345101175,192610.22441827017,193616.43691759396,194204.44141538287,194060.9489184099,193933.78891743816,192871.5085661986,192819.6646121058,192726.16144390721,193442.0215,193024.67173493645,192505.03292020562,191429.70759103145,191848.70664430739,193497.46146228645,195792.50264231185,196922.5272720968,197008.37711179527,196674.17742829394,196484.08025538668,196071.94134011268
394535,775,"Dixon, IL",IL,126670.32867196611,126135.24041008558,125566.25529818836,124987.73839439156,124181.05555190491,123360.23789641465,122486.0435043524,121899.88877506058,121379.95378485222,120961.66158012247,120391.09866673795,119927.0255603891,119521.7118840335,119233.93656972171,119150.66180318165,119207.32006638932,119184.18186444098,118803.81413109363,118312.67314171426,117891.02411205629,117648.70225753589,117288.76617257693,116871.27798635796,116466.7926178375,116185.1117476569,116033.47527889482,115677.60090496675,115428.5303623485,115068.18848852417,114882.93875323351,114599.30907414031,114300.65070647122,,,,107284.21142714492,106869.47572661123,106769.67990518094,106928.00671861412,107423.17147362533,108472.07638517387,109611.67420221004,110063.23024497037,109307.1449167161,108266.4467950393,107809.72843477892,108001.60116560689,107888.45002749232,108300.4944930213,108714.66227960808,109410.54658880625,108518.93550162016,106426.41811114416,103101.90765028454,99430.12381220567,95411.88385394616,91391.59425936076,87602.32702065636,84539.20150461236,81914.18215559363,79794.94660311106,77672.56911960772,75679.28687407653,73821.76365048497,72646.49892,72209.20255400181,72372.11258119998,72588.04999,72304.97017087333,71517.43048850191,70161.27501752749,68733.54725236376,67159.10231524204,65852.49735731444,65165.348314428156,65086.57069194497,65285.60008591274,65661.41688098341,66198.34599491814,67169.94246803068,68309.21015397449,69695.31487533309,70969.73267,72212.87600596371,73440.27418,74592.44523671921,75570.31216616243,76206.28296132326,76884.29781945508,78183.13720154311,79786.94111795552,81833.78426564648,83893.90629619357,86111.08662742208,87995.61365065708,89338.12991257063,90637.04731004329,92129.49807806524,93908.48202433583,95744.97915958443,97626.44023,99547.35140886919,101703.22722981389,103956.22112131938,106509.08511945176,108943.48058382834,111074.53469157283,112871.00759522496,114242.32926918978,115185.48901255692,116041.75977523497,116653.18169829603,117508.93326333929,117539.87256039055,117451.26752502644,116711.14691962303,116321.75001391704,115531.20317572077,115311.81836145696,115766.34142108506,116547.74905234098,117528.4213031414,117845.93368115928,118501.35125208246,118560.54535171483,118268.35070304951,117727.97786644807,117351.53245767528,117634.36345855572,118092.96284005507,118803.67641309822,119136.96993356863,119100.13808272818,119089.72550175531,119118.04637184675,119469.14027426607,119364.27124824125,118933.63876948452,118775.76927722129,119704.72805992224,121845.77095151099,124391.02515328761,127030.05710999663,129191.35390301792,131128.46833630212,132643.4811847305,133953.76420213282,135037.85430246263,136073.41303603616,137680.06316573077,138966.39948561997,139838.80301799873,139785.79151446643,140028.0788125662,140288.12510710812,140449.56364729788,141149.5215619137,142975.98780746714,145633.18017758787,147857.33018368416,148747.41245756645,149120.7676630353,148948.00229508997,148163.1311061757,146591.3793346854,145276.49601069107,144734.65588949234,144555.87464437506,143625.19517849397,142602.08302651145,142566.64728252427,143518.75762964145,145110.99176207805,146519.98745559555,147884.4496014095,148853.68378523743,149952.18163587796,151164.37608361142,152281.6716211917
395150,781,"Taylorville, IL",IL,79815.58060410031,79642.14409056565,79403.41722370245,79030.98962850671,78704.33225567247,78424.22353697322,78158.44381984837,77762.99290778283,77421.10524205207,76988.22013126512,76686.46476251766,76330.43628136173,75977.34970364254,75617.55780732674,75342.01046243618,75236.53083701846,75288.17370380257,75348.94909964867,75996.87384,76739.09157443662,77596.0629,77748.23210412025,77685.55523212756,77445.99250167584,77197.81893576782,76921.34602914489,76581.41779769048,76339.83387368737,76222.65796803198,76301.37157674572,76322.34760540281,76229.94290158128,76081.04798565894,75975.44300586316,75905.90509370419,75872.46537,75846.15723293238,75986.92660673957,76105.15000218748,76027.55524649816,75906.77965787398,75701.40536151444,75824.35281,75925.31710444724,76311.34031389786,76320.39869510969,76337.91535320954,75946.41768183703,75888.96833209804,75850.82033359344,76020.51205315861,75810.8602,75419.87079287479,75156.13617373221,75154.90853723646,75501.53209,76048.71943897016,76828.67018980962,77213.01201650937,76992.41437,76426.59680047668,76105.12809081533,76000.40703474848,76016.57507758176,75967.26378945676,76020.28398,76198.06366348291,76340.21272282903,76278.07933848434,76210.34198819987,76148.65812659438,76320.28520756809,76347.38159695549,76036.57722261098,75773.60401748422,75791.97259331943,76152.60892691532,76371.89870457571,76285.03476472468,76195.09674708669,76313.32269267277,76734.92847717491,77079.67177617631,77781.53394,78744.48894214326,79764.16542046679,80346.38711,80690.71975477309,81115.15894329251,81514.30024082436,81357.75061966373,80689.02703,79663.48221932196,78690.48730067901,78142.42871997655,77731.88280488156,77493.67678565205,77212.00158659175,76819.43133934836,76613.36514231746,76740.25931289609,77357.85422099108,77972.16444139846,78613.39499753017,79186.76389604092,79809.89805570744,80330.44941326413,80828.52204792803,81415.29475978205,81506.84903,81587.29145260637,81661.29856,81861.62506051794,81704.26267690083,81225.68186252714,80795.28649188788,80713.83661,80872.89995875403,80950.31957,81070.87406926656,81218.55743472472,81943.69517670343,83038.5721,83952.21595904788,84543.94917,84669.73256,84824.36735541413,85019.80589822917,85162.60249923046,85398.56804014163,85421.10672372473,85456.17493996715,85078.94978553704,84951.32699653968,84929.05944453662,85067.46601388545,84881.57969722936,84533.87867561943,84703.01360251056,85691.81111854316,87350.29277485871,88796.19256634185,89682.09622862074,89971.16713503424,89952.01062987652,90229.26676958834,90493.27676,90800.52001451053,90812.88735211625,90926.03005977212,90929.64008958546,90931.18111357074,90665.97638955421,90609.11259787664,90662.99044288893,90944.94652428485,91852.11526177975,93010.78515598252,94069.63178061198,94378.90901049762,94586.87953188103,95334.85379446176,96234.90755154454,96370.10312699612,95863.27664174244,95652.08282981666,95670.53109756543,95711.40817,95474.38824401067,95533.83124142978,96177.06349220971,97463.66010983575,99054.59735721197,100343.89054702238,100609.10461944212,100273.11052081361,99693.41659802379,99714.95943329425,99938.06851327648
394795,834,"Lincoln, IL",IL,,,,,,,,,,,,,,,,,,,,,,,,,,,,,,,,,,,,,,,,,,,,,,,,,,,,,,,,,,,,,90793.20474316108,91157.81680177018,91358.61296967282,92124.19416299959,93399.09455618447,94858.88833299319,96208.25884030784,97109.99506388325,97703.33408503915,97666.96388636275,97277.49067074915,96910.53845749865,96404.01972963521,95322.92946578008,94720.96030534082,94637.73076349172,95398.70161470545,95722.19883046277,96136.62384916934,96799.40547,97505.41329499094,98434.97446655168,98865.3738,99153.65701296723,98803.77509689424,98553.55327303657,98699.03565945746,99594.89714177954,100493.32444025933,101282.74543661764,101136.05096850144,100460.37548094588,99258.26215270175,98698.25241,98204.90582335698,97838.33700574469,97104.70849389736,96442.57369280684,95527.97936865613,94975.34752777859,94760.94690555085,94800.69286231969,94758.02366403972,94729.50681537688,95178.82234133496,95537.13476185153,96178.95425970871,96734.57934665022,97547.49156730883,98042.75233,98512.48593,98173.30087926245,97440.34776635321,96516.83237801089,96648.40449653572,96825.0234,97243.05996,96745.13231825961,96476.56584,96222.43540434788,96897.08333296001,98043.29636736606,99438.85928660187,100403.25539364883,101283.89592344682,101748.01066986246,101994.91973311869,102073.69434010737,101692.68390574276,101730.51934839979,102045.80359570471,103414.34225467361,104489.03731618625,105646.95217607125,106417.62615241103,107455.54765206577,107825.19405033447,107695.71358576293,107460.58853429585,108113.09615332395,109640.62606122468,110929.90921130672,111124.11491640641,110347.20094862538,109655.24711697425,109673.57876443246,109697.00430181611,109094.64898197283,108303.2732800303,107942.04051275128,108152.31664190265,108603.34223870984,108748.80520010479,109375.47551664764,110031.80124631355,111148.75732564677,112393.7912098553,113171.79782550748,113421.01164242456,112769.88899436801,111833.91803703306,110976.21108877275,109878.4332459914,109230.02312044111,109023.50592032062,109802.79828234913,110190.29553583758,110746.87699582323,111716.37805173855,112987.06074533088,113865.53328915035,114087.49320345248,114565.42650597442,115064.65169090296,115483.94841572609,115900.57840335956,116039.70314351593,116445.17040534767,116922.35003963108
394812,838,"Macomb, IL",IL,80851.27178443335,80570.16199757508,80189.13161326437,79748.97705,79236.48414870836,78888.01646,78516.65802014092,78221.05359163026,77889.60590973972,77604.90714691901,77349.2247,77056.78850652436,76758.74294798901,76518.9086,76392.33102986641,76368.06176243407,76332.94792491541,76210.48666812234,76137.16523623874,76072.73500588725,75977.70473981695,75691.95282555414,75423.03256266161,75160.87125521609,74925.76782597748,74628.88969877292,74270.86109788793,73995.94593,73753.18409196076,73638.39282914677,73565.84471781195,73533.35636042838,73515.66816768488,73466.92415061068,73448.43554272458,73440.96563043812,73529.54688144986,73687.79164241416,73876.59052021735,74013.16334512229,74202.61483,74303.42485036358,74883.60932709409,,,,81038.50877419086,81458.82686765173,81107.35327,80386.68462682627,79914.93093241286,79514.96849121602,79280.41831709944,78697.45970084604,78169.03849177812,78064.35169530909,78458.98431804148,79039.23168782971,79438.64566235906,79533.36729606833,79239.0028,78871.97308349602,78283.90215043862,78144.88958852713,78276.22183594672,78609.65698541355,79040.41627759716,79200.11234918963,79305.92515048456,79264.64419693396,79317.48617299541,79613.70271,79768.82726329779,79624.20010808145,79597.16072840168,79736.92441945778,80328.30527991401,80766.76708162927,81177.47864176136,81379.73739741763,81301.06952073543,81257.03307593608,80859.55160891538,80639.18142,80697.04651430342,81179.38979460776,81421.22369126174,81260.80505231295,80876.85464958828,80818.21661215553,80475.44985305623,79897.42369508019,79043.78441989479,78585.06035171881,78416.31594100439,78324.14634,78225.63186202916,78086.24823847314,77871.49087,77496.21689,76965.72487975491,76383.75642294266,75850.88044457622,75371.96447509347,75004.26332120552,74332.14448050153,73748.98555,73267.24085308013,73220.04280203051,72845.16008,72785.31151,72798.82341,73226.30840866995,73305.36257109228,73248.02669599779,72755.65170990182,72274.05070174616,71622.62503,70897.30577210705,70296.46879039984,70094.44195,70703.61166763809,71583.77774644223,72428.42082,72983.08674212334,73733.34108653368,74661.93765022692,75581.66268644859,75825.73092136502,76004.33879140991,76353.05358557274,76998.93822723486,77257.12799111597,77476.55037087783,77776.54163,78156.50408411598,78195.51900311514,77662.43558358937,77105.00703005416,76914.94182336163,77590.38837305109,78678.88069439592,79788.29726013848,80402.99909675226,80725.94570127042,81230.14145672803,81699.50279053282,81933.55282885928,81953.41552,82130.95087307814,82060.08327958312,81679.00466629206,81004.68176,80586.21485,80540.57336048594,81005.39137579482,82388.43648611046,83791.86182624234,84831.71754417871,84992.55059,84983.79802876596,85215.51503820062,85609.90849544715,85805.35974175807,85747.36109612822,86031.67861497572,86395.28341795765,87096.46271294811,87662.29635,87471.59198220073,87140.83654243647,86802.91732446993,87323.26272291622,87665.97155568238,87503.59068622503,86741.12375081745,85891.11929527618,85624.55082596291,86421.24489947985
